ListName,                       		Properties
CategoryHeroBarListList,       			"Title,Author,Editor,CEP_Page,ExternalLink,HeroBarDescription,FileLeafRef"
CategoryLinkTitleListList,     			"Title,Author,Editor,CEP_Page"
CategoryOverviewListList,      			"Title,Author,Editor,CEP_Page,Descriptions"
CategorySubCategoryListList,   			"Title,Author,Editor,CEP_Page,ImageLink,ServiceDescription,ExternalLink"
CategoryToolsListList,         			"Title,Author,Editor,CEP_Page,CEP_Description,CEP_ExternalLink"
CustomerCareListList,          			"Title,Author,Editor,CustomerCare_Url"
SelfServiceListList,           			"Title,Author,Editor,SelfService_Url"
LanguageInfoListList,					"Title,Author,Editor,SiteName"
Documents,                          	"Title,Author,Editor,FileLeafRef"
HomeHeroBarImageListList,      			"Title,Author,Editor,Location,FileLeafRef"
HomeHeroBarQuoteListList,      			"Title,Author,Editor,CEP_Index"
HomeMyFavoriteAdminListList,   			"Title,Author,Editor,HyperLink"
HomeMyFavoriteUserListList,    			"Title,Author,Editor,HyperLink,Active,AdminID"
HomeNotificationCategoryListList,   	"Title,Author,Editor"
HomeNotificationSystemListList,     	"Title,Author,Editor"
HomeNotificationListList,           	"Title,Author,Editor,CEP_Description,CEP_Category,CEP_System"
PublishingImages,                   	"Title,Author,Editor,FileLeafRef"
OurTeam_x005f_HeroBarLibraryList,  		"Title,Author,Editor,FileLeafRef,CEP_Page,CEP_SubTitle"
OurTeam_x005f_ContentLibraryList,  		"Title,Author,Editor,FileLeafRef,CEP_Page,CEP_Description,CEP_Position"
SubCategoryMainListList,     			"Title,Author,Editor,CEP_Page,Image,ContentBody,ContentTitle,CEP_ExternalLink"
SubCategoryChildListList,     			"Title,Author,Editor,ContentBody,SubCategoryMainID"
HomeSpotlightListList,     				"Title,Author,Editor,SpotlightAction,Activated,Body,ForceDisplay,ImageMD,ImageXS,ImageSM,PublishedDate"
HowTo_x005f_HeroBarLibraryList,     	"Title,Author,Editor,CEP_Page,FileLeafRef,HowTo_Description,HowTo_Name"
HowTo_x005f_ContentLibraryList,     	"Title,Author,Editor,CEP_Page,FileLeafRef,HowTo_Description,HowTo_ExternalLink"
HowTo_x005f_HelpfulListList,     		"Title,Author,Editor,CEP_Page,HowTo_Content,HowTo_LinkUrl,HowTo_ContentID"
ProductContactListList,     			"Title,Author,Editor,CEP_Page,Content"
ProductCostListList,					"Title,Author,Editor,CEP_Page,CEP_ProductCostDesc"
ProductFAQListList,						"Title,Author,Editor,CEP_Page,productAnswer"
ProductFeatureBenefitListList,			"Title,Author,Editor,CEP_Page,Description1"
ProductFeatureListList,					"Title,Author,Editor,CEP_Page,FeatureDescription,Benefits"
ProductHeroBarListList,					"Title,Author,Editor,CEP_Page,FileLeafRef,ProductPhrase,ProductName"
ProductImageListList,					"Title,Author,Editor,CEP_Page,FileLeafRef,CEP_ProductImageContent,CEP_ProductImageLinkUrl"
ProductOverviewListList,				"Title,Author,Editor,CEP_Page,CEP_ProductOverviewDesc"
ProductProofpointListList,				"Title,Author,Editor,CEP_Page,Content,CEP_LinkUrl"
ProductVideoListList,					"Title,Author,Editor,CEP_Page,FileLeafRef,ProductVideoDescription"

